ID,Text,Comment
LV.CrH.GroupName,Kraankoppen,
LV.CrH.JibName,Giek,
LV.CrH.JibDesc,Een Kraankop die het werkgebied van een Kraan vergroot van 3×3 naar 5×5. Plaats hem bovenop een Kraansegment.,
LV.CrH.JibFlavor,"Wie dit ontwierp, hield vol dat het extra bereik voor de efficiëntie was. Het extra ronddraaien was het echte plezier.",
LV.CrH.HeadRangeBonus,● <YellowHighlight>Extra bereik</YellowHighlight>: {0},
LV.CrH.MustPlaceHeadOnCraneSection,Moet op een Kraansegment worden geplaatst.,
LV.CrH.TrebuchetName,Trebuchet,
LV.CrH.TrebuchetDesc,Een Kraankop die goederen in een boog wegslingert. Het bereik is gelijk aan het aantal Kraansegmenten.,
LV.CrH.TrebuchetFlavor,Mensjen gebruikten het om projectielen van 90 kg meer dan 300 meter ver weg te slingeren.,
LV.CrH.WindmillName,Kraanwindmolen,
LV.CrH.WindmillDesc,Een Kraankop die de Kraan verandert in een windaangedreven generator. Hogere masten leveren meer pk.,
LV.CrH.WindmillFlavor,"Wie dit ontwierp, hield vol dat de extra hoogte voor de efficiëntie was. Het extra ronddraaien was, alweer, het echte plezier.",
LV.CrH.WindmillHeightBonus,● <YellowHighlight>Vermogen per segment</YellowHighlight>: +{0}%,
LV.CrH.WindmillOutput,"<b>Opbrengst: {0} pk</b>
- Van wind: {1} pk x {2}% = {3} pk
- Van hoogte: {4} pk x {5}% = {6} pk",
Name_WindmillFragment,Kraanwindmolen,
LV.CrH.HeadLabel,Kraankop: ,
LV.CrH.JobLaunch,Lanceren,
LV.CrH.Payload,Lading,
LV.CrH.Goods,Goederen,
LV.CrH.Amount,Hoeveelheid,
LV.CrH.Weight,Gewicht: {0} / {1},
LV.CrH.Cost,Kosten:,
LV.CrH.LaunchCost,Lanceerkosten,
LV.CrH.NoCost,Geen,
LV.CrH.NoPayloadStock,Geen lading geselecteerd.,
LV.CrH.ChooseTarget,Doel kiezen,
LV.CrH.ChangeTarget,"Doel wijzigen ({0}, {1}, {2})",
LV.CrH.LaunchMode,Lanceren,
LV.CrH.LaunchNone,Geen,
LV.CrH.LaunchOnce,Eenmalig,
LV.CrH.LaunchRepeat,Herhalen,
LV.CrH.Fire,Vuur,
LV.CrH.NextLaunch,Volgende lancering over {0:0.0} uur,
LV.CrH.AddGood,Toevoegen,
LV.CrH.NoGood,—,
LV.CrH.PickTarget,Kies een landingsvak voor de Trebuchet,
LV.CrH.TrebuchetRange,Bereik: {0} vakken,
LV.CrH.TrebuchetNeedPayload,Voeg goederen toe om te lanceren.,
LV.CrH.TrebuchetNeedTarget,Kies een doel.,
LV.CrH.TrebuchetOutOfRange,Het doel is buiten bereik.,
LV.CrH.TrebuchetTooHigh,Het doel ligt hoger dan het schot kan reiken.,
LV.CrH.TrebuchetBadLanding,De landingsplek moet onbezette grond of de bovenkant van een massief gebouw zijn.,
LV.CrH.TrebuchetSameTile,Kies een ander vak.,
LV.CrH.TrebuchetBlocked,Het pad is geblokkeerd.,
LV.CrH.TrebuchetOverweight,Het gewicht is boven de limiet. De Trebuchet zal niet lanceren en geen goederen accepteren.,
LV.CrH.StatusOverweightShort,Te zwaar,
LV.CrH.StatusNeedPayloadShort,Geen lading,
LV.CrH.StatusNeedTargetShort,Geen doel,
LV.CrH.StatusBlockedShort,Pad geblokkeerd,
LV.CrH.StatusOutOfRangeShort,Buiten bereik,
LV.CrH.StatusTooHighShort,Doel te hoog,
LV.CrH.StatusBadLandingShort,Ongeldige landingsplek,
LV.CrH.StatusSameTileShort,Ongeldig doel,
LV.CrH.PreviewRange,{0} / {1},
Name_TrebuchetFragment,Trebuchet,
Name_TrebuchetInventoryFragment,Trebuchet-inventaris,
